url,working_title,target_keyword,intent,cluster,plan_day,priority,words,why_it_exists,key_internal_links
/guides/why-book-direct,Why Book Direct With a Licensed Tanzania Operator (Instead of an OTA),licensed tanzania tour operator,commercial,Trust & Direct-Booking,D29,1,1500,"The argument the whole business rests on; no OTA can ever publish it. Also the natural landing page for ""tour operators in arusha"" (our best-converting non-brand query: 2 clicks / 9 impr = 22% CTR).",how-to-choose-tour-operator; /about; /reviews; footer
/faq,Frequently Asked Questions,tanzania safari faq,informational,Trust & Direct-Booking,D31,1,2000,"~20 most-asked questions in one place; captures dozens of long-tail question queries and feeds internal links to every cluster. New app/faq/page.tsx with consolidated FAQPage schema.",every cluster guide; /contact; footer nav
/guides/machame-vs-lemosho,Machame vs Lemosho: Which Kilimanjaro Route Should You Pick?,machame vs lemosho,informational,Kilimanjaro Routes,D17,1,1500,"X-vs-Y queries convert at near-transactional rates - the searcher has already shortlisted. Machame (75 impr) and Lemosho both have proven demand.",machame-route; lemosho-route; both tour pages; routes pillar
/guides/climbing-kilimanjaro-for-beginners,Climbing Kilimanjaro for Beginners: Your First High-Altitude Trek,climbing kilimanjaro for beginners,informational,Kilimanjaro Planning,D24,1,1800,"Widest top-of-funnel entry to the highest-value cluster; skews to the 25-45 first-timer ICP. 'climb mount kilimanjaro' already pulls 105-130 impr.",routes pillar; training guide; /kilimanjaro/groups
/guides/tanzania-itinerary,Tanzania Itinerary: 7 10 and 14 Days (What Actually Fits),tanzania itinerary 10 days,informational,Combos & Itineraries,D44,1,2000,"How independent planners in all four markets actually search; each duration section funnels to a matching bookable package.",7-day-tanzania-zanzibar; 10-day-safari-zanzibar-adventure; combo pillar
/guides/safari-from-zanzibar,Safari From Zanzibar: Day Trips vs Fly-In Safaris (Honest Comparison),safari from zanzibar,commercial,Combos & Itineraries,D47,1,1400,"High-intent impulse traffic from beach tourists already in-country. Zanzibar demand proven (62 impr on best-time alone). Honesty here wins bigger bookings.",combo pillar; /zanzibar; northern-circuit safaris
/guides/tanzania-park-fees,Tanzania National Park Fees 2026 (Complete Table),tanzania park fees 2026,informational,Practical & Logistics,D67,1,1200,"LINK ASSET. Fee tables are the most-linked page type in this niche - every blogger writing about Tanzania costs needs a current source. Powers the Week 9-10 outreach.",both cost guides; /safaris
/guides/kilimanjaro-group-vs-private,Kilimanjaro Group Climbs vs Private Climbs,kilimanjaro group climb,informational,Kilimanjaro Planning,D20,2,1200,"Monetizes the /kilimanjaro/groups departure pages which currently have almost no informational content feeding them. Seasonal transactional intent.",/kilimanjaro/groups; departures; 2 private climb pages
/guides/tanzania-family-safari,Family Safari in Tanzania: Taking Kids on Safari,tanzania family safari,commercial,Safari Planning,D53,2,1500,"Market-wide gap in the 46-guide library; family bookings are multi-person tickets at existing price points.",malaria-in-tanzania; 5-day-northern-safari; 6-day-northern-safari
